Name of the Instrument,ISIN,Rating,Quantity,"Market/Fair Value
 (Rs. in Lakhs)","% to Net
 Assets",AMC Name,Scheme Name
Debt Instruments,,,,,,Axis Mutual Fund,AXISLFA
(a) Listed / awaiting listing on Stock Exchange,,,,,,Axis Mutual Fund,AXISLFA
8.69% Tamilnadu State Development Loans (24/02/2026),IN3120150203,Sovereign,10000000.0,10046.13,0.0027,Axis Mutual Fund,AXISLFA
8.04% HDB Financial Services Limited (25/02/2026) ,INE756I07EL8,CRISIL AAA,750.0,7510.8075,0.002,Axis Mutual Fund,AXISLFA
8.76% Madhya Pradesh State Development Loans (24/02/2026),IN2120150106,Sovereign,6714000.0,6745.4618,0.0018,Axis Mutual Fund,AXISLFA
7.924% Kotak Mahindra Prime Limited (20/02/2026) ,INE916DA7RW2,CRISIL AAA,500.0,5004.98,0.0013,Axis Mutual Fund,AXISLFA
Bajaj Finance Limited (18/02/2026) (ZCB) ,INE296A07RY7,CRISIL AAA,250.0,3178.615,0.0009,Axis Mutual Fund,AXISLFA
Sub Total,,,,32485.9943,0.0088,Axis Mutual Fund,AXISLFA
(b) Privately placed / Unlisted,,,,NIL,NIL,Axis Mutual Fund,AXISLFA
Sub Total,,,,NIL,NIL,Axis Mutual Fund,AXISLFA
Total,,,,32485.9943,0.0088,Axis Mutual Fund,AXISLFA
Money Market Instruments,,,,,,Axis Mutual Fund,AXISLFA
Certificate of Deposit,,,,,,Axis Mutual Fund,AXISLFA
HDFC Bank Limited (18/03/2026) ,INE040A16IC5,CARE A1+,25500.0,125843.3925,0.0339,Axis Mutual Fund,AXISLFA
Indian Bank (25/02/2026) ,INE562A16PX9,CRISIL A1+,20000.0,99054.8,0.0267,Axis Mutual Fund,AXISLFA
HDFC Bank Limited (17/03/2026) ,INE040A16IB7,CARE A1+,19500.0,96249.465,0.0259,Axis Mutual Fund,AXISLFA
Punjab National Bank (18/03/2026) ,INE160A16RK5,CARE A1+,16500.0,81438.225,0.0219,Axis Mutual Fund,AXISLFA
Small Industries Dev Bank of India (27/02/2026),INE556F16BB6,CARE A1+,15500.0,76719.8075,0.0207,Axis Mutual Fund,AXISLFA
National Bank For Agriculture and Rural Development (24/03/2026) ,INE261F16991,CRISIL A1+,15000.0,73949.025,0.0199,Axis Mutual Fund,AXISLFA
Bank of Baroda (06/03/2026) ,INE028A16HW0,CRISIL A1+,13500.0,66765.195,0.018,Axis Mutual Fund,AXISLFA
Punjab National Bank (03/03/2026) ,INE160A16TR6,IND A1+,13000.0,64324.78,0.0173,Axis Mutual Fund,AXISLFA
Bank of Baroda (05/03/2026) ,INE028A16KP8,CARE A1+,12000.0,59356.8,0.016,Axis Mutual Fund,AXISLFA
Punjab National Bank (13/03/2026) ,INE160A16TU0,IND A1+,12000.0,59277.36,0.016,Axis Mutual Fund,AXISLFA
Bank of Baroda (05/01/2026) ,INE028A16JI5,IND A1+,10500.0,52456.0575,0.0141,Axis Mutual Fund,AXISLFA
Bank of India (24/02/2026) ,INE084A16FA3,CARE A1+,10000.0,49528.35,0.0133,Axis Mutual Fund,AXISLFA
Canara Bank (26/02/2026) ,INE476A16E95,CRISIL A1+,10000.0,49519,0.0133,Axis Mutual Fund,AXISLFA
RBL Bank Limited (25/02/2026) ,INE976G16OE1,CARE A1+,10000.0,49487.9,0.0133,Axis Mutual Fund,AXISLFA
Karur Vysya Bank Limited (13/03/2026) ,INE036D16JM4,ICRA A1+,10000.0,49383.85,0.0133,Axis Mutual Fund,AXISLFA
Union Bank of India (03/02/2026) ,INE692A16IP5,ICRA A1+,9500.0,47222.505,0.0127,Axis Mutual Fund,AXISLFA
Union Bank of India (05/03/2026),INE692A16IY7,ICRA A1+,8000.0,39573.24,0.0107,Axis Mutual Fund,AXISLFA
Indian Bank (19/01/2026) ,INE562A16NW6,CRISIL A1+,6000.0,29903.49,0.0081,Axis Mutual Fund,AXISLFA
Union Bank of India (27/01/2026) ,INE692A16IM2,CRISIL A1+,6000.0,29863.02,0.008,Axis Mutual Fund,AXISLFA
HDFC Bank Limited (12/02/2026) ,INE040A16HV7,CARE A1+,6000.0,29778.63,0.008,Axis Mutual Fund,AXISLFA
Canara Bank (04/03/2026) ,INE476A16A73,CRISIL A1+,6000.0,29683.89,0.008,Axis Mutual Fund,AXISLFA
Indian Bank (12/03/2026) ,INE562A16OI3,CRISIL A1+,6000.0,29644.23,0.008,Axis Mutual Fund,AXISLFA
Canara Bank (05/03/2026),INE476A16A81,CRISIL A1+,5000.0,24732.425,0.0067,Axis Mutual Fund,AXISLFA
UCO Bank (12/03/2026) ,INE691A16MB9,CRISIL A1+,5000.0,24698.325,0.0067,Axis Mutual Fund,AXISLFA
UCO Bank (18/03/2026) ,INE691A16MD5,CRISIL A1+,5000.0,24673.175,0.0066,Axis Mutual Fund,AXISLFA
Kotak Mahindra Bank Limited (15/01/2026),INE237A162Z2,CRISIL A1+,4900.0,24437.7455,0.0066,Axis Mutual Fund,AXISLFA
Indian Bank (04/02/2026),INE562A16OA0,CRISIL A1+,4500.0,22365.315,0.006,Axis Mutual Fund,AXISLFA
Bank of Baroda (11/03/2026),INE028A16HZ3,IND A1+,4500.0,22236.4575,0.006,Axis Mutual Fund,AXISLFA
Indian Bank (08/01/2026),INE562A16NV8,CRISIL A1+,4000.0,19972.86,0.0054,Axis Mutual Fund,AXISLFA
IDBI Bank Limited (05/02/2026) ,INE008A16X73,CRISIL A1+,4000.0,19875.32,0.0054,Axis Mutual Fund,AXISLFA
Bank of Baroda (24/02/2026) ,INE028A16JJ3,IND A1+,4000.0,19814.12,0.0053,Axis Mutual Fund,AXISLFA
Bank of India (05/03/2026) ,INE084A16FC9,CARE A1+,4000.0,19782.52,0.0053,Axis Mutual Fund,AXISLFA
Canara Bank (12/03/2026) ,INE476A16B23,CRISIL A1+,4000.0,19762.8,0.0053,Axis Mutual Fund,AXISLFA
Indian Bank (25/03/2026) ,INE562A16ON3,CRISIL A1+,4000.0,19720,0.0053,Axis Mutual Fund,AXISLFA
Bank of Baroda (06/01/2026) ,INE028A16KA0,CRISIL A1+,3000.0,14984.925,0.004,Axis Mutual Fund,AXISLFA
Bank of Baroda (13/01/2026) ,INE028A16HK5,IND A1+,3000.0,14967.03,0.004,Axis Mutual Fund,AXISLFA
National Bank For Agriculture and Rural Development (17/02/2026) ,INE261F16959,IND A1+,3000.0,14877.435,0.004,Axis Mutual Fund,AXISLFA
Kotak Mahindra Bank Limited (18/02/2026) ,INE237A165Z5,CRISIL A1+,3000.0,14875.98,0.004,Axis Mutual Fund,AXISLFA
Bank of India (10/03/2026),INE084A16EK5,CRISIL A1+,3000.0,14824.29,0.004,Axis Mutual Fund,AXISLFA
Kotak Mahindra Bank Limited (13/03/2026) ,INE237A167Z1,CRISIL A1+,3000.0,14819.925,0.004,Axis Mutual Fund,AXISLFA
Bank of Baroda (13/03/2026) ,INE028A16IC0,IND A1+,3000.0,14819.34,0.004,Axis Mutual Fund,AXISLFA
National Bank For Agriculture and Rural Development (13/03/2026),INE261F16983,CRISIL A1+,2500.0,12348.7375,0.0033,Axis Mutual Fund,AXISLFA
Bank of Baroda (16/01/2026) ,INE028A16HL3,IND A1+,2000.0,9972.96,0.0027,Axis Mutual Fund,AXISLFA
Canara Bank (13/03/2026) ,INE476A16B31,CRISIL A1+,2000.0,9879.75,0.0027,Axis Mutual Fund,AXISLFA
Export Import Bank of India (04/03/2026),INE514E16CJ9,CRISIL A1+,1500.0,7420.59,0.002,Axis Mutual Fund,AXISLFA
HDFC Bank Limited (12/03/2026),INE040A16GN6,CRISIL A1+,1500.0,7410.555,0.002,Axis Mutual Fund,AXISLFA
National Bank For Agriculture and Rural Development (20/01/2026) ,INE261F16892,CRISIL A1+,1000.0,4983.075,0.0013,Axis Mutual Fund,AXISLFA
Indian Bank (30/01/2026) ,INE562A16NX4,CRISIL A1+,1000.0,4974.61,0.0013,Axis Mutual Fund,AXISLFA
Canara Bank (03/02/2026) ,INE476A16A24,CRISIL A1+,1000.0,4970.92,0.0013,Axis Mutual Fund,AXISLFA
Bank of Baroda (06/02/2026) ,INE028A16JM7,IND A1+,1000.0,4968.345,0.0013,Axis Mutual Fund,AXISLFA
Union Bank of India (06/03/2026),INE692A16JB3,ICRA A1+,1000.0,4945.835,0.0013,Axis Mutual Fund,AXISLFA
HDFC Bank Limited (09/03/2026) ,INE040A16HM6,CARE A1+,1000.0,4942.86,0.0013,Axis Mutual Fund,AXISLFA
HDFC Bank Limited (24/03/2026) ,INE040A16GS5,CRISIL A1+,1000.0,4930.485,0.0013,Axis Mutual Fund,AXISLFA
Bank of Baroda (02/01/2026) ,INE028A16JT2,IND A1+,500.0,2499.1675,0.0007,Axis Mutual Fund,AXISLFA
IDFC First Bank Limited (27/01/2026) ,INE092T16XY9,CRISIL A1+,500.0,2488.375,0.0007,Axis Mutual Fund,AXISLFA
Canara Bank (27/02/2026) ,INE476A16D96,CRISIL A1+,100.0,495.1065,0.0001,Axis Mutual Fund,AXISLFA
Sub Total,,,,1742494.372,0.4694,Axis Mutual Fund,AXISLFA
Commercial Paper,,,,,,Axis Mutual Fund,AXISLFA
Small Industries Dev Bank of India (12/02/2026) ,INE556F14LQ8,CRISIL A1+,20000.0,99253.4,0.0267,Axis Mutual Fund,AXISLFA
Export Import Bank of India (13/02/2026) ,INE514E14SX1,CRISIL A1+,20000.0,99246.3,0.0267,Axis Mutual Fund,AXISLFA
Small Industries Dev Bank of India (24/02/2026) ,INE556F14LS4,CRISIL A1+,20000.0,99056.7,0.0267,Axis Mutual Fund,AXISLFA
Export Import Bank of India (26/02/2026) ,INE514E14SZ6,CRISIL A1+,15000.0,74275.65,0.02,Axis Mutual Fund,AXISLFA
Bajaj Financial Securities Limited (12/03/2026) ,INE01C314DR3,CRISIL A1+,14000.0,69106.1,0.0186,Axis Mutual Fund,AXISLFA
Biocon Limited (20/03/2026) ,INE376G14040,IND A1+,12000.0,59103.9,0.0159,Axis Mutual Fund,AXISLFA
Reliance Retail Ventures Limited (11/02/2026) ,INE929O14EH3,CRISIL A1+,10000.0,49637.3,0.0134,Axis Mutual Fund,AXISLFA
Mahindra & Mahindra Financial Services Limited (13/02/2026) ,INE774D14TG6,CRISIL A1+,10000.0,49606.5,0.0134,Axis Mutual Fund,AXISLFA
Kotak Securities Limited (03/03/2026) ,INE028E14TW2,ICRA A1+,10000.0,49445.65,0.0133,Axis Mutual Fund,AXISLFA
Export Import Bank of India (12/03/2026) ,INE514E14TA7,CRISIL A1+,10000.0,49404.65,0.0133,Axis Mutual Fund,AXISLFA
Tata Power Company Limited (11/03/2026) ,INE245A14KQ1,CRISIL A1+,10000.0,49399.4,0.0133,Axis Mutual Fund,AXISLFA
Small Industries Dev Bank of India (13/03/2026) ,INE556F14LW6,CRISIL A1+,10000.0,49389.15,0.0133,Axis Mutual Fund,AXISLFA
HDFC Securities Limited (12/03/2026) ,INE700G14RH6,CARE A1+,10000.0,49366.25,0.0133,Axis Mutual Fund,AXISLFA
Aditya Birla Capital Limited (13/03/2026) ,INE674K14AZ3,ICRA A1+,10000.0,49364.15,0.0133,Axis Mutual Fund,AXISLFA
ICICI Securities Limited (03/02/2026) ,INE763G14C38,CRISIL A1+,9000.0,44722.98,0.012,Axis Mutual Fund,AXISLFA
Birla Group Holdings Private Limited (24/02/2026) ,INE09OL14IE6,CRISIL A1+,9000.0,44540.595,0.012,Axis Mutual Fund,AXISLFA
Motilal Oswal Financial Services Limited (28/01/2026) ,INE338I14LE1,ICRA A1+,8000.0,39790.6,0.0107,Axis Mutual Fund,AXISLFA
Tata Steel Limited (06/03/2026),INE081A14GK1,ICRA A1+,7000.0,34612.62,0.0093,Axis Mutual Fund,AXISLFA
Kotak Securities Limited (13/03/2026) ,INE028E14TK7,ICRA A1+,7000.0,34550.18,0.0093,Axis Mutual Fund,AXISLFA
HDFC Securities Limited (10/02/2026) ,INE700G14QX5,CARE A1+,6000.0,29777.73,0.008,Axis Mutual Fund,AXISLFA
ICICI Securities Limited (13/02/2026) ,INE763G14C95,CRISIL A1+,6000.0,29761.41,0.008,Axis Mutual Fund,AXISLFA
Hindalco Industries Limited (15/01/2026) ,INE038A14395,CRISIL A1+,5000.0,24933.65,0.0067,Axis Mutual Fund,AXISLFA
Bajaj Finance Limited (12/02/2026) ,INE296A14D47,CRISIL A1+,5000.0,24809,0.0067,Axis Mutual Fund,AXISLFA
HDFC Securities Limited (17/02/2026) ,INE700G14QY3,CARE A1+,5000.0,24783.425,0.0067,Axis Mutual Fund,AXISLFA
ICICI Securities Limited (10/03/2026) ,INE763G14A63,CRISIL A1+,5000.0,24692.175,0.0067,Axis Mutual Fund,AXISLFA
IIFL Finance Limited (05/03/2026) ,INE530B14EZ8,CRISIL A1+,5000.0,24632.225,0.0066,Axis Mutual Fund,AXISLFA
Birla Group Holdings Private Limited (11/03/2026) ,INE09OL14IF3,CRISIL A1+,4000.0,19742.92,0.0053,Axis Mutual Fund,AXISLFA
Nuvama Wealth Finance Limited (09/03/2026) ,INE918K14CV9,CRISIL A1+,3500.0,17257.59,0.0046,Axis Mutual Fund,AXISLFA
Piramal Capital & Housing Finance Limited (06/02/2026) ,INE516Y14HT5,CRISIL A1+,3000.0,14890.11,0.004,Axis Mutual Fund,AXISLFA
Dalmia Cement (Bharat) Limited (11/02/2026) ,INE755K14FQ8,CRISIL A1+,3000.0,14889.915,0.004,Axis Mutual Fund,AXISLFA
Birla Group Holdings Private Limited (11/02/2026) ,INE09OL14IC0,CRISIL A1+,3000.0,14882.775,0.004,Axis Mutual Fund,AXISLFA
IIFL Finance Limited (06/02/2026) ,INE530B14FR2,CRISIL A1+,3000.0,14871.105,0.004,Axis Mutual Fund,AXISLFA
Tata Projects Limited (09/03/2026) ,INE725H14DG3,CRISIL A1+,3000.0,14824.08,0.004,Axis Mutual Fund,AXISLFA
ICICI Home Finance Company Limited (24/02/2026) ,INE071G14HG5,ICRA A1+,2500.0,12381.9,0.0033,Axis Mutual Fund,AXISLFA
IIFL Finance Limited (31/12/2025) ,INE530B14FI1,CRISIL A1+,2000.0,10000,0.0027,Axis Mutual Fund,AXISLFA
Bharti Telecom Limited (13/02/2026) ,INE403D14551,CRISIL A1+,2000.0,9916.68,0.0027,Axis Mutual Fund,AXISLFA
ICICI Securities Limited (02/03/2026) ,INE763G14C61,CRISIL A1+,2000.0,9890.98,0.0027,Axis Mutual Fund,AXISLFA
360 One WAM Limited (05/03/2026) ,INE466L14FL1,ICRA A1+,2000.0,9877.3,0.0027,Axis Mutual Fund,AXISLFA
Nu Vista Limited (12/03/2026) ,INE973U14284,CRISIL A1+,2000.0,9877.14,0.0027,Axis Mutual Fund,AXISLFA
Nuvoco Vistas Corporation Limited (12/03/2026) ,INE118D14AC5,CRISIL A1+,2000.0,9869.17,0.0027,Axis Mutual Fund,AXISLFA
Birla Group Holdings Private Limited (06/02/2026) ,INE09OL14GM3,CRISIL A1+,1500.0,7448.3175,0.002,Axis Mutual Fund,AXISLFA
Godrej Industries Limited (12/03/2026) ,INE233A145T4,CRISIL A1+,1500.0,7407.21,0.002,Axis Mutual Fund,AXISLFA
Godrej Industries Limited (13/03/2026) ,INE233A145U2,CRISIL A1+,1500.0,7405.92,0.002,Axis Mutual Fund,AXISLFA
ICICI Securities Limited (20/02/2026) ,INE763G14XZ4,CRISIL A1+,1200.0,5944.764,0.0016,Axis Mutual Fund,AXISLFA
Piramal Finance Limited (05/02/2026) ,INE140A146I7,CRISIL A1+,1000.0,4964.355,0.0013,Axis Mutual Fund,AXISLFA
Piramal Finance Limited (16/02/2026) ,INE202B14PB1,CRISIL A1+,1000.0,4953.565,0.0013,Axis Mutual Fund,AXISLFA
Barclays Investments & Loans (India) Private Limited (27/02/2026) ,INE704I14KM9,CRISIL A1+,600.0,2967.582,0.0008,Axis Mutual Fund,AXISLFA
ICICI Securities Limited (30/01/2026) ,INE763G14ZL9,CRISIL A1+,400.0,1989.364,0.0005,Axis Mutual Fund,AXISLFA
Sub Total,,,,1503514.4325,0.4051,Axis Mutual Fund,AXISLFA
Treasury Bill,,,,,,Axis Mutual Fund,AXISLFA
91 Days Tbill (MD 27/03/2026),IN002025X398,Sovereign,200000000.0,197543.6,0.0532,Axis Mutual Fund,AXISLFA
91 Days Tbill (MD 19/02/2026),IN002025X349,Sovereign,130807200.0,129873.3674,0.035,Axis Mutual Fund,AXISLFA
91 Days Tbill (MD 29/01/2026),IN002025X315,Sovereign,95000000.0,94605.94,0.0255,Axis Mutual Fund,AXISLFA
91 Days Tbill (MD 15/01/2026),IN002025X299,Sovereign,60000000.0,59870.82,0.0161,Axis Mutual Fund,AXISLFA
91 Days Tbill (MD 12/03/2026),IN002025X372,Sovereign,40000000.0,39595.64,0.0107,Axis Mutual Fund,AXISLFA
182 Days Tbill (MD 05/03/2026),IN002025Y230,Sovereign,38834100.0,38479.8553,0.0104,Axis Mutual Fund,AXISLFA
91 Days Tbill (MD 26/02/2026),IN002025X356,Sovereign,32500000.0,32235.84,0.0087,Axis Mutual Fund,AXISLFA
364 Days Tbill (MD 27/02/2026),IN002024Z461,Sovereign,20000000.0,19834.56,0.0053,Axis Mutual Fund,AXISLFA
182 Days Tbill (MD 15/01/2026),IN002025Y164,Sovereign,12500000.0,12473.0875,0.0034,Axis Mutual Fund,AXISLFA
364 Days Tbill (MD 12/03/2026),IN002024Z487,Sovereign,12500000.0,12373.6375,0.0033,Axis Mutual Fund,AXISLFA
91 Days Tbill (MD 02/01/2026),IN002025X273,Sovereign,9000000.0,8997.309,0.0024,Axis Mutual Fund,AXISLFA
182 Days Tbill (MD 29/01/2026),IN002025Y180,Sovereign,4500000.0,4481.379,0.0012,Axis Mutual Fund,AXISLFA
364 Days Tbill (MD 01/01/2026),IN002024Z388,Sovereign,1000000.0,999.854,0.0003,Axis Mutual Fund,AXISLFA
Sub Total,,,,651364.8897,0.1755,Axis Mutual Fund,AXISLFA
Total,,,,3897373.6942,1.05,Axis Mutual Fund,AXISLFA
Others,,,,,,Axis Mutual Fund,AXISLFA
Alternative Investment Fund Units,,,,,,Axis Mutual Fund,AXISLFA
SBI - Corporate Debt Market Development Fund (CDMDF) - Class A2,INF0RQ622028,,81627.708,9428.9339,0.0025,Axis Mutual Fund,AXISLFA
Sub Total,,,,9428.9339,0.0025,Axis Mutual Fund,AXISLFA
Total,,,,9428.9339,0.0025,Axis Mutual Fund,AXISLFA
Reverse Repo / TREPS,,,,,,Axis Mutual Fund,AXISLFA
Clearing Corporation of India Ltd,,,,4632.18,0.0012,Axis Mutual Fund,AXISLFA
Sub Total,,,,4632.18,0.0012,Axis Mutual Fund,AXISLFA
Total,,,,4632.18,0.0012,Axis Mutual Fund,AXISLFA
Net Receivables / (Payables),,,,-232052.1924,-0.0625,Axis Mutual Fund,AXISLFA
GRAND TOTAL,,,,3711868.61,1,Axis Mutual Fund,AXISLFA
,,,,,,Axis Mutual Fund,AXISLFA
ZCB - Zero Coupon Bond,,,,,,Axis Mutual Fund,AXISLFA
"As per SEBI Circular no. SEBI/HO/IMD/PoD1/CIR/P/2024/106 dated August 05, 2024, valuation of AT-1 Bonds are done on Yield to Call basis w.e.f. August 07, 2024. YTC of AT-1 Bonds are now same as it’s YTM and hence it is not disclosed separately under YTC.",,,,,,Axis Mutual Fund,AXISLFA
,,,,,,Axis Mutual Fund,AXISLFA
,,,,,,Axis Mutual Fund,AXISLFA
,,,,,,Axis Mutual Fund,AXISLFA
,,,,,,Axis Mutual Fund,AXISLFA
,Benchmark Name - NIFTY LIQUID INDEX A-I,,,,,Axis Mutual Fund,AXISLFA
Scheme Risk-O-Meter,Benchmark Risk-O-Meter,,,,,Axis Mutual Fund,AXISLFA
Debt Instruments,,,,,,Axis Mutual Fund,AXISMMF
(a) Listed / awaiting listing on Stock Exchange,,,,,,Axis Mutual Fund,AXISMMF
7.42% West Bengal State Development Loans (09/11/2026),IN3420160092,Sovereign,10685400.0,10816.7022,0.0051,Axis Mutual Fund,AXISMMF
6.90% Government of India (04/02/2026),IN0020089069,Sovereign,9500000.0,9509.9085,0.0045,Axis Mutual Fund,AXISMMF
8.08% Maharastra State Development Loans(15/06/2026),IN2220160013,Sovereign,7745000.0,7828.0419,0.0037,Axis Mutual Fund,AXISMMF
8.07% Rajasthan State Development Loans (15/06/2026),IN2920160032,Sovereign,7500000.0,7579.2525,0.0036,Axis Mutual Fund,AXISMMF
8.69% Tamilnadu State Development Loans (24/02/2026),IN3120150203,Sovereign,6500000.0,6529.9845,0.0031,Axis Mutual Fund,AXISMMF
8.83% Uttar Pradesh State Development Loans (24/02/2026),IN3320150383,Sovereign,3500000.0,3516.5165,0.0017,Axis Mutual Fund,AXISMMF
8.38% Tamil Nadu State Development Loans (27/01/2026),IN3120150187,Sovereign,800000.0,801.7096,0.0004,Axis Mutual Fund,AXISMMF
8.60% Bihar State Development Loans (09/03/2026),IN1320150056,Sovereign,500000.0,503.0035,0.0002,Axis Mutual Fund,AXISMMF
Sub Total,,,,47085.1192,0.0223,Axis Mutual Fund,AXISMMF
(b) Privately placed / Unlisted,,,,NIL,NIL,Axis Mutual Fund,AXISMMF
Sub Total,,,,NIL,NIL,Axis Mutual Fund,AXISMMF
Total,,,,47085.1192,0.0223,Axis Mutual Fund,AXISMMF
Money Market Instruments,,,,,,Axis Mutual Fund,AXISMMF
Certificate of Deposit,,,,,,Axis Mutual Fund,AXISMMF
National Bank For Agriculture and Rural Development (25/03/2026) ,INE261F16AA7,CRISIL A1+,17000.0,83794.785,0.0397,Axis Mutual Fund,AXISMMF
HDFC Bank Limited (19/05/2026) ,INE040A16GW7,CARE A1+,12500.0,60998.25,0.0289,Axis Mutual Fund,AXISMMF
Punjab National Bank (25/03/2026) ,INE160A16RP4,CRISIL A1+,11500.0,56697.2425,0.0269,Axis Mutual Fund,AXISMMF
Small Industries Dev Bank of India (16/12/2026) ,INE556F16BT8,CARE A1+,11000.0,51647.2,0.0245,Axis Mutual Fund,AXISMMF
Bank of India (10/03/2026),INE084A16EK5,CRISIL A1+,10000.0,49414.3,0.0234,Axis Mutual Fund,AXISMMF
HDFC Bank Limited (02/04/2026) ,INE040A16HC7,CARE A1+,10000.0,49198.3,0.0233,Axis Mutual Fund,AXISMMF
Bank of Baroda (15/05/2026) ,INE028A16KJ1,CARE A1+,10000.0,48835,0.0231,Axis Mutual Fund,AXISMMF
HDFC Bank Limited (04/06/2026) ,INE040A16HT1,CARE A1+,10000.0,48667,0.0231,Axis Mutual Fund,AXISMMF
Canara Bank (15/05/2026),INE476A16E79,CRISIL A1+,9500.0,46394.105,0.022,Axis Mutual Fund,AXISMMF
Small Industries Dev Bank of India (13/10/2026) ,INE556F16BL5,CARE A1+,9500.0,45107.1875,0.0214,Axis Mutual Fund,AXISMMF
IDFC First Bank Limited (09/06/2026) ,INE092T16YR1,CRISIL A1+,8000.0,38876.96,0.0184,Axis Mutual Fund,AXISMMF
Small Industries Dev Bank of India (27/02/2026),INE556F16BB6,CARE A1+,7500.0,37122.4875,0.0176,Axis Mutual Fund,AXISMMF
Punjab National Bank (18/03/2026) ,INE160A16RK5,CARE A1+,7500.0,37017.375,0.0175,Axis Mutual Fund,AXISMMF
Union Bank of India (15/05/2026) ,INE692A16KC9,IND A1+,7000.0,34178.305,0.0162,Axis Mutual Fund,AXISMMF
Kotak Mahindra Bank Limited (18/05/2026) ,INE237AD6059,CRISIL A1+,7000.0,34169.31,0.0162,Axis Mutual Fund,AXISMMF
Canara Bank (12/06/2026) ,INE476A16E20,CRISIL A1+,7000.0,34020.84,0.0161,Axis Mutual Fund,AXISMMF
IDFC First Bank Limited (27/02/2026) ,INE092T16YX9,CRISIL A1+,6000.0,29700.09,0.0141,Axis Mutual Fund,AXISMMF
HDFC Bank Limited (24/03/2026) ,INE040A16GS5,CRISIL A1+,6000.0,29582.91,0.014,Axis Mutual Fund,AXISMMF
Indian Bank (12/03/2026) ,INE562A16OI3,CRISIL A1+,5500.0,27173.8775,0.0129,Axis Mutual Fund,AXISMMF
Union Bank of India (20/05/2026) ,INE692A16KF2,IND A1+,5500.0,26831.0625,0.0127,Axis Mutual Fund,AXISMMF
Kotak Mahindra Bank Limited (18/02/2026) ,INE237A165Z5,CRISIL A1+,5000.0,24793.3,0.0117,Axis Mutual Fund,AXISMMF
IndusInd Bank Limited (15/05/2026) ,INE095A160C6,CRISIL A1+,5000.0,24396.35,0.0116,Axis Mutual Fund,AXISMMF
Small Industries Dev Bank of India (20/05/2026) ,INE556F16BI1,CRISIL A1+,5000.0,24390.525,0.0116,Axis Mutual Fund,AXISMMF
Kotak Mahindra Bank Limited (31/08/2026) ,INE237AD6075,CRISIL A1+,5000.0,23947.75,0.0113,Axis Mutual Fund,AXISMMF
Indian Bank (30/10/2026) ,INE562A16PU5,CRISIL A1+,5000.0,23685.575,0.0112,Axis Mutual Fund,AXISMMF
Canara Bank (12/03/2026) ,INE476A16B23,CRISIL A1+,4000.0,19762.8,0.0094,Axis Mutual Fund,AXISMMF
Bank of Baroda (06/04/2026),INE028A16JG9,IND A1+,4000.0,19666.38,0.0093,Axis Mutual Fund,AXISMMF
HDFC Bank Limited (05/08/2026),INE040A16HF0,CRISIL A1+,4000.0,19234.96,0.0091,Axis Mutual Fund,AXISMMF
Small Industries Dev Bank of India (27/10/2026) ,INE556F16BN1,CARE A1+,4000.0,18945.78,0.009,Axis Mutual Fund,AXISMMF
Bank of Baroda (24/02/2026) ,INE028A16JJ3,IND A1+,3500.0,17337.355,0.0082,Axis Mutual Fund,AXISMMF
IDBI Bank Limited (23/02/2026) ,INE008A16X99,CRISIL A1+,3000.0,14860.95,0.007,Axis Mutual Fund,AXISMMF
National Bank For Agriculture and Rural Development (27/02/2026),INE261F16967,CRISIL A1+,3000.0,14852.16,0.007,Axis Mutual Fund,AXISMMF
National Bank For Agriculture and Rural Development (10/03/2026) ,INE261F16975,IND A1+,3000.0,14825.97,0.007,Axis Mutual Fund,AXISMMF
Indian Bank (30/04/2026) ,INE562A16PQ3,CRISIL A1+,3000.0,14688.765,0.007,Axis Mutual Fund,AXISMMF
HDFC Bank Limited (11/09/2026) ,INE040A16HN4,CARE A1+,3000.0,14332.74,0.0068,Axis Mutual Fund,AXISMMF
HDFC Bank Limited (13/11/2026) ,INE040A16HW5,CARE A1+,3000.0,14172.255,0.0067,Axis Mutual Fund,AXISMMF
Canara Bank (18/03/2026) ,INE476A16B64,CRISIL A1+,2500.0,12339.4,0.0058,Axis Mutual Fund,AXISMMF
Small Industries Dev Bank of India (06/11/2026) ,INE556F16BQ4,CARE A1+,2400.0,11347.536,0.0054,Axis Mutual Fund,AXISMMF
Union Bank of India (20/02/2026) ,INE692A16IU5,IND A1+,2000.0,9913.51,0.0047,Axis Mutual Fund,AXISMMF
The Federal Bank Limited (20/02/2026) ,INE171A16MU2,CRISIL A1+,2000.0,9911.78,0.0047,Axis Mutual Fund,AXISMMF
National Bank For Agriculture and Rural Development (13/03/2026),INE261F16983,CRISIL A1+,2000.0,9878.99,0.0047,Axis Mutual Fund,AXISMMF
Bank of Baroda (20/05/2026) ,INE028A16JZ9,IND A1+,2000.0,9758.58,0.0046,Axis Mutual Fund,AXISMMF
Union Bank of India (01/06/2026) ,INE692A16KH8,IND A1+,2000.0,9736.45,0.0046,Axis Mutual Fund,AXISMMF
Small Industries Dev Bank of India (04/12/2026) ,INE556F16BS0,CARE A1+,2000.0,9410.06,0.0045,Axis Mutual Fund,AXISMMF
Bank of Baroda (05/06/2026) ,INE028A16KR4,CARE A1+,1800.0,8758.557,0.0042,Axis Mutual Fund,AXISMMF
Small Industries Dev Bank of India (17/03/2026) ,INE556F16BE0,CRISIL A1+,1500.0,7403.9625,0.0035,Axis Mutual Fund,AXISMMF
Small Industries Dev Bank of India (05/05/2026) ,INE556F16BH3,CRISIL A1+,1500.0,7336.3125,0.0035,Axis Mutual Fund,AXISMMF
Canara Bank (29/05/2026) ,INE476A16F03,CRISIL A1+,1500.0,7307.7375,0.0035,Axis Mutual Fund,AXISMMF
Bank of Baroda (16/09/2026) ,INE028A16KC6,IND A1+,1500.0,7162.0425,0.0034,Axis Mutual Fund,AXISMMF
Bank of Baroda (06/03/2026) ,INE028A16HW0,CRISIL A1+,1100.0,5440.127,0.0026,Axis Mutual Fund,AXISMMF
Small Industries Dev Bank of India (06/03/2026) ,INE556F16BC4,CRISIL A1+,1000.0,4945.07,0.0023,Axis Mutual Fund,AXISMMF
Bank of Baroda (11/03/2026),INE028A16HZ3,IND A1+,1000.0,4941.435,0.0023,Axis Mutual Fund,AXISMMF
Small Industries Dev Bank of India (11/03/2026),INE556F16BD2,CARE A1+,1000.0,4940.895,0.0023,Axis Mutual Fund,AXISMMF
Kotak Mahindra Bank Limited (13/03/2026) ,INE237A167Z1,CRISIL A1+,1000.0,4939.975,0.0023,Axis Mutual Fund,AXISMMF
Bank of Baroda (25/05/2026) ,INE028A16JR6,IND A1+,1000.0,4875.085,0.0023,Axis Mutual Fund,AXISMMF
Small Industries Dev Bank of India (06/02/2026) ,INE556F16BA8,CARE A1+,500.0,2483.9725,0.0012,Axis Mutual Fund,AXISMMF
Bank of Baroda (13/03/2026) ,INE028A16IC0,IND A1+,500.0,2469.89,0.0012,Axis Mutual Fund,AXISMMF
Sub Total,,,,1328621.57,0.6296,Axis Mutual Fund,AXISMMF
Commercial Paper,,,,,,Axis Mutual Fund,AXISMMF
Small Industries Dev Bank of India (03/06/2026) ,INE556F14LT2,CRISIL A1+,6000.0,29196.81,0.0138,Axis Mutual Fund,AXISMMF
Bharti Telecom Limited (13/02/2026) ,INE403D14551,CRISIL A1+,5000.0,24791.7,0.0117,Axis Mutual Fund,AXISMMF
HDFC Securities Limited (27/02/2026) ,INE700G14RA1,CARE A1+,5000.0,24738.775,0.0117,Axis Mutual Fund,AXISMMF
Kotak Securities Limited (27/02/2026) ,INE028E14SR4,ICRA A1+,5000.0,24738.4,0.0117,Axis Mutual Fund,AXISMMF
Birla Group Holdings Private Limited (05/03/2026) ,INE09OL14HF5,CRISIL A1+,5000.0,24705.875,0.0117,Axis Mutual Fund,AXISMMF
Piramal Finance Limited (12/03/2026) ,INE140A146N7,CRISIL A1+,5000.0,24653.525,0.0117,Axis Mutual Fund,AXISMMF
Muthoot Finance Limited (12/06/2026) ,INE414G14UW7,CRISIL A1+,5000.0,24216.225,0.0115,Axis Mutual Fund,AXISMMF
Motilal Oswal Finvest Limited (12/06/2026) ,INE01WN14BW9,CRISIL A1+,5000.0,24184.075,0.0115,Axis Mutual Fund,AXISMMF
Tata Teleservices (Maharashtra) Limited (17/11/2026) ,INE517B14AG3,CRISIL A1+,5000.0,23530.725,0.0112,Axis Mutual Fund,AXISMMF
360 One Prime Limited (20/02/2026) ,INE248U14RY2,CRISIL A1+,4000.0,19802.46,0.0094,Axis Mutual Fund,AXISMMF
Bajaj Finance Limited (05/03/2026) ,INE296A14D88,CRISIL A1+,4000.0,19775.32,0.0094,Axis Mutual Fund,AXISMMF
Tata Capital Limited (19/05/2026) ,INE976I14PY7,CRISIL A1+,4000.0,19493.36,0.0092,Axis Mutual Fund,AXISMMF
Muthoot Finance Limited (17/06/2026) ,INE414G14UX5,CRISIL A1+,4000.0,19354.38,0.0092,Axis Mutual Fund,AXISMMF
360 One Prime Limited (13/02/2026) ,INE248U14RZ9,CRISIL A1+,3000.0,14872.005,0.007,Axis Mutual Fund,AXISMMF
Aditya Birla Capital Limited (27/02/2026) ,INE674K14AX8,ICRA A1+,3000.0,14844.675,0.007,Axis Mutual Fund,AXISMMF
Infina Finance Private Limited (30/04/2026) ,INE879F14MB4,CRISIL A1+,3000.0,14649.855,0.0069,Axis Mutual Fund,AXISMMF
360 One Prime Limited (29/05/2026) ,INE248U14SL7,CRISIL A1+,3000.0,14530.515,0.0069,Axis Mutual Fund,AXISMMF
Infina Finance Private Limited (17/02/2026) ,INE879F14KJ1,CRISIL A1+,2500.0,12387.275,0.0059,Axis Mutual Fund,AXISMMF
Birla Group Holdings Private Limited (23/01/2026) ,INE09OL14GH3,CRISIL A1+,2000.0,9958.12,0.0047,Axis Mutual Fund,AXISMMF
Credila Financial Services Limited (23/01/2026) ,INE539K14BU7,CRISIL A1+,2000.0,9955.93,0.0047,Axis Mutual Fund,AXISMMF
Arka Fincap Limited (27/02/2026) ,INE03W114708,CRISIL A1+,2000.0,9879.36,0.0047,Axis Mutual Fund,AXISMMF
Motilal Oswal Financial Services Limited (06/03/2026) ,INE338I14KT1,ICRA A1+,2000.0,9877.31,0.0047,Axis Mutual Fund,AXISMMF
Truhome Finance Limited (30/04/2026) ,INE432R14303,CARE A1+,2000.0,9763.59,0.0046,Axis Mutual Fund,AXISMMF
Barclays Investments & Loans (India) Private Limited (12/06/2026) ,INE704I14KS6,CRISIL A1+,2000.0,9687.85,0.0046,Axis Mutual Fund,AXISMMF
Motilal Oswal Financial Services Limited (12/06/2026) ,INE338I14KS3,ICRA A1+,2000.0,9676.76,0.0046,Axis Mutual Fund,AXISMMF
Birla Group Holdings Private Limited (06/02/2026) ,INE09OL14GM3,CRISIL A1+,1500.0,7448.3175,0.0035,Axis Mutual Fund,AXISMMF
Pilani Investment and Industries Corporation Limited (06/02/2026) ,INE417C14868,CRISIL A1+,1500.0,7447.98,0.0035,Axis Mutual Fund,AXISMMF
Godrej Finance Limited (17/02/2026) ,INE02KN14440,CRISIL A1+,1500.0,7432.8,0.0035,Axis Mutual Fund,AXISMMF
National Bank For Agriculture and Rural Development (02/03/2026) ,INE261F14OD7,CRISIL A1+,1500.0,7422.195,0.0035,Axis Mutual Fund,AXISMMF
Standard Chartered Capital Limited (29/05/2026) ,INE403G14TR2,CRISIL A1+,1500.0,7285.425,0.0035,Axis Mutual Fund,AXISMMF
Standard Chartered Capital Limited (05/06/2026) ,INE403G14TQ4,CRISIL A1+,1500.0,7275.645,0.0034,Axis Mutual Fund,AXISMMF
Standard Chartered Capital Limited (27/02/2026) ,INE403G14TF7,CRISIL A1+,1400.0,6924.68,0.0033,Axis Mutual Fund,AXISMMF
Piramal Finance Limited (20/02/2026) ,INE140A146J5,CRISIL A1+,1000.0,4949.655,0.0023,Axis Mutual Fund,AXISMMF
Godrej Finance Limited (27/02/2026) ,INE02KN14465,CRISIL A1+,1000.0,4945.97,0.0023,Axis Mutual Fund,AXISMMF
Motilal Oswal Finvest Limited (15/06/2026) ,INE01WN14BU3,CRISIL A1+,1000.0,4833.91,0.0023,Axis Mutual Fund,AXISMMF
Small Industries Dev Bank of India (03/03/2026) ,INE556F14LG9,CRISIL A1+,500.0,2473.655,0.0012,Axis Mutual Fund,AXISMMF
Godrej Finance Limited (05/03/2026) ,INE02KN14457,CRISIL A1+,500.0,2470.4575,0.0012,Axis Mutual Fund,AXISMMF
Tata Capital Limited (11/03/2026) ,INE976I14PU5,CRISIL A1+,500.0,2469.1025,0.0012,Axis Mutual Fund,AXISMMF
Birla Group Holdings Private Limited (13/03/2026) ,INE09OL14HC2,CRISIL A1+,500.0,2466.9575,0.0012,Axis Mutual Fund,AXISMMF
L&T Finance Limited (02/06/2026) ,INE498L14EB8,CRISIL A1+,500.0,2430.17,0.0012,Axis Mutual Fund,AXISMMF
Sub Total,,,,521541.795,0.2471,Axis Mutual Fund,AXISMMF
Treasury Bill,,,,,,Axis Mutual Fund,AXISMMF
182 Days Tbill (MD 11/06/2026),IN002025Y370,Sovereign,55000000.0,53701.01,0.0254,Axis Mutual Fund,AXISMMF
182 Days Tbill (MD 30/04/2026),IN002025Y313,Sovereign,36000000.0,35371.26,0.0168,Axis Mutual Fund,AXISMMF
364 Days Tbill (MD 19/11/2026),IN002025Z344,Sovereign,30000000.0,28602.96,0.0136,Axis Mutual Fund,AXISMMF
364 Days Tbill (MD 12/11/2026),IN002025Z336,Sovereign,25000000.0,23859.825,0.0113,Axis Mutual Fund,AXISMMF
364 Days Tbill (MD 29/10/2026),IN002025Z310,Sovereign,13500000.0,12911.3325,0.0061,Axis Mutual Fund,AXISMMF
182 Days Tbill (MD 21/05/2026),IN002025Y347,Sovereign,11500000.0,11262.548,0.0053,Axis Mutual Fund,AXISMMF
364 Days Tbill (MD 03/09/2026),IN002025Z237,Sovereign,10000000.0,9642.48,0.0046,Axis Mutual Fund,AXISMMF
182 Days Tbill (MD 27/02/2026),IN002025Y222,Sovereign,5000000.0,4958.64,0.0023,Axis Mutual Fund,AXISMMF
364 Days Tbill (MD 15/10/2026),IN002025Z294,Sovereign,5000000.0,4791.665,0.0023,Axis Mutual Fund,AXISMMF
364 Days Tbill (MD 23/10/2026),IN002025Z302,Sovereign,2000000.0,1914.45,0.0009,Axis Mutual Fund,AXISMMF
182 Days Tbill (MD 05/02/2026),IN002025Y198,Sovereign,1000000.0,994.84,0.0005,Axis Mutual Fund,AXISMMF
364 Days Tbill (MD 06/11/2026),IN002025Z328,Sovereign,442100.0,422.3032,0.0002,Axis Mutual Fund,AXISMMF
Sub Total,,,,188433.3137,0.0893,Axis Mutual Fund,AXISMMF
Total,,,,2038596.6787,0.966,Axis Mutual Fund,AXISMMF
Others,,,,,,Axis Mutual Fund,AXISMMF
Alternative Investment Fund Units,,,,,,Axis Mutual Fund,AXISMMF
SBI - Corporate Debt Market Development Fund (CDMDF) - Class A2,INF0RQ622028,,45211.736,5222.4726,0.0025,Axis Mutual Fund,AXISMMF
Sub Total,,,,5222.4726,0.0025,Axis Mutual Fund,AXISMMF
Total,,,,5222.4726,0.0025,Axis Mutual Fund,AXISMMF
Reverse Repo / TREPS,,,,,,Axis Mutual Fund,AXISMMF
Clearing Corporation of India Ltd,,,,1934.08,0.0009,Axis Mutual Fund,AXISMMF
Sub Total,,,,1934.08,0.0009,Axis Mutual Fund,AXISMMF
Total,,,,1934.08,0.0009,Axis Mutual Fund,AXISMMF
Net Receivables / (Payables),,,,17435.5095,0.0083,Axis Mutual Fund,AXISMMF
GRAND TOTAL,,,,2110273.86,1,Axis Mutual Fund,AXISMMF
,,,,,,Axis Mutual Fund,AXISMMF
"As per SEBI Circular no. SEBI/HO/IMD/PoD1/CIR/P/2024/106 dated August 05, 2024, valuation of AT-1 Bonds are done on Yield to Call basis w.e.f. August 07, 2024. YTC of AT-1 Bonds are now same as it’s YTM and hence it is not disclosed separately under YTC.",,,,,,Axis Mutual Fund,AXISMMF
,,,,,,Axis Mutual Fund,AXISMMF
,,,,,,Axis Mutual Fund,AXISMMF
,,,,,,Axis Mutual Fund,AXISMMF
,,,,,,Axis Mutual Fund,AXISMMF
,,,,,,Axis Mutual Fund,AXISMMF
,Benchmark Name - NIFTY MONEY MARKET INDEX A-I,,,,,Axis Mutual Fund,AXISMMF
Scheme Risk-O-Meter,Benchmark Risk-O-Meter,,,,,Axis Mutual Fund,AXISMMF
Derivatives,,,,,,Axis Mutual Fund,AXISTAA
Interest Rate Swaps,,,,,,Axis Mutual Fund,AXISTAA
Interest Rate Swaps Pay Fix Receive Floating -ICISECPD (16/09/2027) (FV 2500 Lacs),,,,2.4275,$0.00%,Axis Mutual Fund,AXISTAA
Interest Rate Swaps Pay Fix Receive Floating -ICISECPD (17/12/2026) (FV 15000 Lacs),,,,0.84,$0.00%,Axis Mutual Fund,AXISTAA
Interest Rate Swaps Pay Fix Receive Floating -ICICI BANK (19/12/2026) (FV 10000 Lacs),,,,-1.26,$0.00%,Axis Mutual Fund,AXISTAA
Interest Rate Swaps Pay Fix Receive Floating -ICICI BANK (14/07/2027) (FV 5000 Lacs),,,,-2.765,$0.00%,Axis Mutual Fund,AXISTAA
Interest Rate Swaps Pay Fix Receive Floating -ICICI BANK (07/03/2026) (FV 5000 Lacs),,,,-5.465,$0.00%,Axis Mutual Fund,AXISTAA
Interest Rate Swaps Pay Fix Receive Floating -ICISECPD (06/03/2026) (FV 5000 Lacs),,,,-5.51,$0.00%,Axis Mutual Fund,AXISTAA
Interest Rate Swaps Pay Fix Receive Floating -ICISECPD (19/03/2026) (FV 5000 Lacs),,,,-5.535,$0.00%,Axis Mutual Fund,AXISTAA
Interest Rate Swaps Pay Fix Receive Floating -ICICI BANK (04/04/2027) (FV 2500 Lacs),,,,-10.0825,$0.00%,Axis Mutual Fund,AXISTAA
Interest Rate Swaps Pay Fix Receive Floating -ICICI BANK (20/03/2026) (FV 10000 Lacs),,,,-10.86,$0.00%,Axis Mutual Fund,AXISTAA
Interest Rate Swaps Pay Fix Receive Floating -ICICI BANK (10/03/2027) (FV 2500 Lacs),,,,-14.835,$0.00%,Axis Mutual Fund,AXISTAA
Interest Rate Swaps Pay Fix Receive Floating -ICISECPD (07/02/2027) (FV 2500 Lacs),,,,-17.095,$0.00%,Axis Mutual Fund,AXISTAA
Sub Total,,,,-70.14,-0.0001,Axis Mutual Fund,AXISTAA
Total,,,,-70.14,-0.0001,Axis Mutual Fund,AXISTAA
Debt Instruments,,,,,,Axis Mutual Fund,AXISTAA
(a) Listed / awaiting listing on Stock Exchange,,,,,,Axis Mutual Fund,AXISTAA
7.43% Small Industries Dev Bank of India (31/08/2026) ,INE556F08KH1,CRISIL AAA,23000.0,23064.883,0.0378,Axis Mutual Fund,AXISTAA
7.50% National Bank For Agriculture and Rural Development (31/08/2026),INE261F08EA6,CRISIL AAA,21500.0,21573.229,0.0354,Axis Mutual Fund,AXISTAA
4.04% Government of India (04/10/2028),IN0020210160,Sovereign,17425000.0,17569.0873,0.0288,Axis Mutual Fund,AXISTAA
7.55% Poonawalla Fincorp Limited (25/03/2027) ,INE511C07946,CRISIL AAA,14050.0,14049.3678,0.023,Axis Mutual Fund,AXISTAA
8.75% Motilal Oswal Finvest Limited (29/10/2027),INE01WN07136,ICRA AA+,12500.0,12591.0625,0.0206,Axis Mutual Fund,AXISTAA
9% Piramal Finance Limited (28/06/2027) ,INE202B07JT0,CARE AA,12500.0,12562.4625,0.0206,Axis Mutual Fund,AXISTAA
7.74% LIC Housing Finance Limited (22/10/2027),INE115A07QZ8,CRISIL AAA,10000.0,10115.21,0.0166,Axis Mutual Fund,AXISTAA
7.59% REC Limited (31/05/2027) ,INE020B08FA2,CRISIL AAA,10000.0,10097.11,0.0166,Axis Mutual Fund,AXISTAA
7.60% Poonawalla Fincorp Limited (28/05/2027) ,INE511C07870,CRISIL AAA,10000.0,9993.52,0.0164,Axis Mutual Fund,AXISTAA
7.70% REC Limited (31/08/2026) ,INE020B08FC8,ICRA AAA,9500.0,9543.871,0.0156,Axis Mutual Fund,AXISTAA
7.44% Small Industries Dev Bank of India (04/09/2026),INE556F08KI9,CRISIL AAA,9460.0,9488.2097,0.0156,Axis Mutual Fund,AXISTAA
7.53% National Bank For Agriculture and Rural Development (24/03/2028) ,INE261F08EM1,ICRA AAA,9000.0,9112.221,0.0149,Axis Mutual Fund,AXISTAA
7.86% Karnataka State Development Loans (15/03/2027),IN1920160117,Sovereign,8500000.0,8682.9455,0.0142,Axis Mutual Fund,AXISTAA
7.70% National Bank For Agriculture and Rural Development (30/09/2027) ,INE261F08EI9,ICRA AAA,8500.0,8609.905,0.0141,Axis Mutual Fund,AXISTAA
JTPM Metal Traders Limited (29/09/2028) (ZCB) ,INE02PE08036,CRISIL AA,7500.0,7729.47,0.0127,Axis Mutual Fund,AXISTAA
7.29% West Bengal State Development Loans (28/12/2026),IN3420160126,Sovereign,7428400.0,7527.2274,0.0123,Axis Mutual Fund,AXISTAA
7.7201% LIC Housing Finance Limited (12/02/2026) ,INE115A07QB9,CRISIL AAA,750.0,7507.005,0.0123,Axis Mutual Fund,AXISTAA
6.73% Power Finance Corporation Limited (15/10/2027) ,INE134E08NW3,CRISIL AAA,7500.0,7486.515,0.0123,Axis Mutual Fund,AXISTAA
Jubilant Beverages Limited (31/05/2028) (ZCB) ,INE1D4O08012,CRISIL AA,6500.0,6950.9505,0.0114,Axis Mutual Fund,AXISTAA
7.1% West Bangal State Development Loans (14/12/2026),IN3420160118,Sovereign,6634700.0,6707.8277,0.011,Axis Mutual Fund,AXISTAA
7.55% Small Industries Dev Bank of India (22/09/2026) ,INE556F08KJ7,CRISIL AAA,6500.0,6526.585,0.0107,Axis Mutual Fund,AXISTAA
Jubilant Bevco Limited (31/05/2028) (ZCB) ,INE1D4P08019,CRISIL AA,5500.0,5899.5475,0.0097,Axis Mutual Fund,AXISTAA
7.59% Karnataka State Development Loans (29/03/2027),IN1920160125,Sovereign,5500000.0,5604.4835,0.0092,Axis Mutual Fund,AXISTAA
8.4% DLF Cyber City Developers Limited (18/06/2027) ,INE186K07098,ICRA AAA,5100.0,5174.2968,0.0085,Axis Mutual Fund,AXISTAA
7.74% Tamilnadu State Development Loans (01/03/2027),IN3120161309,Sovereign,5000000.0,5097.63,0.0084,Axis Mutual Fund,AXISTAA
8.65% Bharti Telecom Limited (05/11/2027),INE403D08231,CRISIL AAA,5000.0,5097.225,0.0084,Axis Mutual Fund,AXISTAA
7.48% National Bank For Agriculture and Rural Development (15/09/2028),INE261F08EO7,CRISIL AAA,5000.0,5062.995,0.0083,Axis Mutual Fund,AXISTAA
7.79% Small Industries Dev Bank of India (14/05/2027) ,INE556F08KM1,CRISIL AAA,5000.0,5060.325,0.0083,Axis Mutual Fund,AXISTAA
7.7165% Nexus Select Trust - REIT (14/06/2028) ,INE0NDH07035,CRISIL AAA,5000.0,5058.9,0.0083,Axis Mutual Fund,AXISTAA
8.18% Haryana Uday Bond (15/06/2026),IN1620160052,Sovereign,5000000.0,5052.58,0.0083,Axis Mutual Fund,AXISTAA
7.8% National Bank For Agriculture and Rural Development (15/03/2027) ,INE261F08EF5,ICRA AAA,5000.0,5052.37,0.0083,Axis Mutual Fund,AXISTAA
8.33% Tata Projects Limited (24/06/2027) ,INE725H08188,IND AA,5000.0,5047.92,0.0083,Axis Mutual Fund,AXISTAA
8.10% Godrej Industries Limited (22/05/2028) ,INE233A08154,CRISIL AA+,5000.0,5044.47,0.0083,Axis Mutual Fund,AXISTAA
7.98% Bajaj Housing Finance Limited (09/09/2026) ,INE377Y07490,CRISIL AAA,5000.0,5030.115,0.0082,Axis Mutual Fund,AXISTAA
8.55% Nomura Capital India Pvt Limited (30/04/2026) ,INE357L07465,IND AAA,5000.0,5020.32,0.0082,Axis Mutual Fund,AXISTAA
8.15% Godrej Properties Limited (03/07/2026) ,INE484J08048,ICRA AA+,5000.0,5013.495,0.0082,Axis Mutual Fund,AXISTAA
8.46% Aditya Birla Capital Limited (26/02/2027) (FRN) ,INE860H07IX6,ICRA AAA,5000.0,5009.905,0.0082,Axis Mutual Fund,AXISTAA
7.27% Tata Capital Housing Finance Limited (25/04/2028) ,INE033L07IN3,CRISIL AAA,5000.0,5006.565,0.0082,Axis Mutual Fund,AXISTAA
7.88% Muthoot Finance Limited (22/11/2028),INE414G07JS2,CRISIL AA+,5000.0,5003.6,0.0082,Axis Mutual Fund,AXISTAA
6.60% REC Limited (30/06/2027) ,INE020B08FZ9,ICRA AAA,5000.0,4983.36,0.0082,Axis Mutual Fund,AXISTAA
7.59% Karnataka State Development Loans (15/02/2027),IN1920160091,Sovereign,4500000.0,4577.481,0.0075,Axis Mutual Fund,AXISTAA
8.52% Muthoot Finance Limited (26/05/2028) ,INE414G07JO1,CRISIL AA+,4500.0,4562.154,0.0075,Axis Mutual Fund,AXISTAA
8.75% Piramal Finance Limited (29/10/2027) ,INE202B07JW4,ICRA AA,4500.0,4505.706,0.0074,Axis Mutual Fund,AXISTAA
8.75% 360 One Prime Limited (10/09/2027) ,INE248U07GA9,ICRA AA,4500.0,4499.595,0.0074,Axis Mutual Fund,AXISTAA
8.60% Muthoot Finance Limited (02/03/2028) ,INE414G07JM5,CRISIL AA+,4000.0,4059.144,0.0067,Axis Mutual Fund,AXISTAA
8.52% Muthoot Finance Limited (07/04/2028) ,INE414G07JN3,CRISIL AA+,3500.0,3546.221,0.0058,Axis Mutual Fund,AXISTAA
6.92% DLF Cyber City Developers Limited (28/07/2028) ,INE186K07122,CRISIL AAA,3500.0,3490.802,0.0057,Axis Mutual Fund,AXISTAA
8.65% Aadhar Housing Finance Limited (20/08/2027) ,INE883F07330,ICRA AA,3000.0,3044.13,0.005,Axis Mutual Fund,AXISTAA
8.49% Kerala State Development Loans (10/02/2026),IN2020150156,Sovereign,3030000.0,3039.4748,0.005,Axis Mutual Fund,AXISTAA
7.88% IndiGRID Infrastructure Trust (30/04/2029) ,INE219X07439,CRISIL AAA,2500.0,2560.3625,0.0042,Axis Mutual Fund,AXISTAA
7.19% Gujarat State Development Loans (25/01/2027),IN1520160186,Sovereign,2500000.0,2530.8625,0.0041,Axis Mutual Fund,AXISTAA
7.68% Small Industries Dev Bank of India (10/08/2027) ,INE556F08KP4,CRISIL AAA,2500.0,2529.695,0.0041,Axis Mutual Fund,AXISTAA
7.1% Bihar State Development Loans (14/12/2026),IN1320160121,Sovereign,2500000.0,2527.465,0.0041,Axis Mutual Fund,AXISTAA
8.60% Aditya Birla Renewables Limited (24/09/2027) ,INE01QP08016,CRISIL AA,2500.0,2526.72,0.0041,Axis Mutual Fund,AXISTAA
6.72% Kerala State Development Loans (24/03/2027),IN2020200290,Sovereign,2500000.0,2519.015,0.0041,Axis Mutual Fund,AXISTAA
7.7215% Bajaj Finance Limited (26/03/2027) ,INE296A07TG0,CRISIL AAA,2500.0,2516.57,0.0041,Axis Mutual Fund,AXISTAA
8.53% Uttar Pradesh State Development Loans (10/02/2026),IN3320150375,Sovereign,2500000.0,2507.795,0.0041,Axis Mutual Fund,AXISTAA
7.2337% Bajaj Finance Limited (28/06/2027) ,INE296A07TK2,CRISIL AAA,2500.0,2501.16,0.0041,Axis Mutual Fund,AXISTAA
7.123% Tata Capital Housing Finance Limited (21/07/2027) ,INE033L07IO1,CRISIL AAA,2500.0,2499.67,0.0041,Axis Mutual Fund,AXISTAA
6.90% LIC Housing Finance Limited (17/09/2027) ,INE115A07RH4,CRISIL AAA,2500.0,2494.5125,0.0041,Axis Mutual Fund,AXISTAA
7.3% Bharti Telecom Limited (01/12/2027),INE403D08306,CRISIL AAA,2500.0,2492.6,0.0041,Axis Mutual Fund,AXISTAA
Power Finance Corporation Limited (25/08/2026) (ZCB) ,INE134E08MS3,CRISIL AAA,2500.0,2394.6575,0.0039,Axis Mutual Fund,AXISTAA
7.83% National Bank For Agriculture and Rural Development (30/12/2026) ,INE261F08ED0,CRISIL AAA,2000.0,2018.834,0.0033,Axis Mutual Fund,AXISTAA
7.05% Embassy Office Parks REIT (18/10/2026) ,INE041007084,CRISIL AAA,200.0,2001.416,0.0033,Axis Mutual Fund,AXISTAA
7.22% Embassy Office Parks REIT (16/05/2028) ,INE041007175,CRISIL AAA,2000.0,2000.996,0.0033,Axis Mutual Fund,AXISTAA
8.05% Muthoot Finance Limited (25/11/2027) ,INE414G07JQ6,CRISIL AA+,1500.0,1509.0375,0.0025,Axis Mutual Fund,AXISTAA
6.09% Power Finance Corporation Limited (27/08/2026) ,INE134E08LK2,CRISIL AAA,150.0,1492.218,0.0024,Axis Mutual Fund,AXISTAA
6.90% Government of India (04/02/2026),IN0020089069,Sovereign,1050000.0,1051.0952,0.0017,Axis Mutual Fund,AXISTAA
09.15% Shriram Finance Limited (28/06/2029) ,INE721A07SD6,CRISIL AA+,1000.0,1041.038,0.0017,Axis Mutual Fund,AXISTAA
8.95% Muthoot Finance Limited (03/05/2027) ,INE414G07JD4,CRISIL AA+,1000.0,1015.021,0.0017,Axis Mutual Fund,AXISTAA
7.85% Tamilnadu State Development Loans (15/03/2027),IN3120161317,Sovereign,500000.0,510.7045,0.0008,Axis Mutual Fund,AXISTAA
7.58% National Bank For Agriculture and Rural Development (31/07/2026),INE261F08DX0,CRISIL AAA,500.0,501.59,0.0008,Axis Mutual Fund,AXISTAA
8.0736% HDB Financial Services Limited (17/04/2026) ,INE756I07EP9,CRISIL AAA,500.0,501.0595,0.0008,Axis Mutual Fund,AXISTAA
8.15% Samvardhana Motherson International Limited (23/01/2026) ,INE775A08089,IND AAA,500.0,500.303,0.0008,Axis Mutual Fund,AXISTAA
6.89% Bihar State Development Loans (23/11/2026),IN1320160113,Sovereign,476000.0,480.037,0.0008,Axis Mutual Fund,AXISTAA
6.88% West Bangal State Development Loans (23/11/2026),IN3420160100,Sovereign,476000.0,479.9498,0.0008,Axis Mutual Fund,AXISTAA
8% Government of India (23/03/2026),IN0020089077,Sovereign,440000.0,442.2282,0.0007,Axis Mutual Fund,AXISTAA
6.43% Assam State Development Loans (17/03/2026),IN1220200340,Sovereign,323000.0,323.6657,0.0005,Axis Mutual Fund,AXISTAA
7.9265% LIC Housing Finance Limited (14/07/2027) ,INE115A07QS3,CRISIL AAA,250.0,253.0603,0.0004,Axis Mutual Fund,AXISTAA
7.95% Government of India (18/02/2026),IN0020079037,Sovereign,200000.0,200.5456,0.0003,Axis Mutual Fund,AXISTAA
8.48% Rajasthan State Development Loans (10/02/2026),IN2920150249,Sovereign,70000.0,70.2156,0.0001,Axis Mutual Fund,AXISTAA
8.75% Shriram Finance Limited (05/10/2026) ,INE721A07RQ0,CRISIL AA+,50.0,50.4449,0.0001,Axis Mutual Fund,AXISTAA
Sub Total,,,,409178.0202,0.6708,Axis Mutual Fund,AXISTAA
(b) Privately placed / Unlisted,,,,NIL,NIL,Axis Mutual Fund,AXISTAA
Sub Total,,,,NIL,NIL,Axis Mutual Fund,AXISTAA
(a) Listed / awaiting listing on Stock Exchange,,,,NIL,NIL,Axis Mutual Fund,AXISTAA
Sub Total,,,,NIL,NIL,Axis Mutual Fund,AXISTAA
(b) Privately placed / Unlisted,,,,,,Axis Mutual Fund,AXISTAA
7.7954% Reliance Life Sciences Private Limited (08/05/2026)  #,INE11LM07023,CARE AAA,750.0,7522.5225,0.0123,Axis Mutual Fund,AXISTAA
7.7954% Reliance Life Sciences Private Limited (05/11/2027)  #,INE11LM07031,CARE AAA,250.0,2521.92,0.0041,Axis Mutual Fund,AXISTAA
Sub Total,,,,10044.4425,0.0165,Axis Mutual Fund,AXISTAA
(c) Securitised Debt,,,,,,Axis Mutual Fund,AXISTAA
Liquid Gold Series (20/01/2028) ,INE2JYU15015,CRISIL AAA(SO),100.0,7525.2546,0.0123,Axis Mutual Fund,AXISTAA
Sansar Trust (25/04/2031) ,INE1WMT15017,CRISIL AAA(SO),500000000.0,5005,0.0082,Axis Mutual Fund,AXISTAA
Siddhivinayak Securitisation Trust (28/09/2030) ,INE2I7F15012,CRISIL AAA(SO),47.0,4719.8212,0.0077,Axis Mutual Fund,AXISTAA
Shivshakti Securitisation Trust (28/09/2029) ,INE2I7G15010,CRISIL AAA(SO),47.0,4714.5421,0.0077,Axis Mutual Fund,AXISTAA
India Universal Trust (20/07/2027) ,INE16J715027,IND AAA(SO),50.0,4117.4172,0.0067,Axis Mutual Fund,AXISTAA
Sansar Trust (25/06/2030) ,INE0YWN15017,CRISIL AAA(SO),1000000000.0,3776,0.0062,Axis Mutual Fund,AXISTAA
Radhakrishna Securitisation Trust (28/09/2028) ,INE2I7H15018,CRISIL AAA(SO),31.0,3096.1963,0.0051,Axis Mutual Fund,AXISTAA
India Universal Trust (21/11/2027) ,INE1CBK15029,CRISIL AAA(SO),37.0,2758.06,0.0045,Axis Mutual Fund,AXISTAA
India Universal Trust (20/09/2026) ,INE16J715019,IND AAA(SO),100.0,2527.5643,0.0041,Axis Mutual Fund,AXISTAA
Sansar Trust (17/03/2028) ,INE0RVR15014,CRISIL AAA(SO),476900778.0,1538.9588,0.0025,Axis Mutual Fund,AXISTAA
India Universal Trust (21/11/2026) ,INE1CBK15011,CRISIL AAA(SO),33.0,1175.3037,0.0019,Axis Mutual Fund,AXISTAA
Sub Total,,,,40954.118,0.0671,Axis Mutual Fund,AXISTAA
Total,,,,460176.5807,0.7544,Axis Mutual Fund,AXISTAA
Money Market Instruments,,,,,,Axis Mutual Fund,AXISTAA
Certificate of Deposit,,,,,,Axis Mutual Fund,AXISTAA
HDFC Bank Limited (19/05/2026) ,INE040A16GW7,CARE A1+,4000.0,19519.44,0.032,Axis Mutual Fund,AXISTAA
Bank of Baroda (13/03/2026) ,INE028A16IC0,IND A1+,3000.0,14819.34,0.0243,Axis Mutual Fund,AXISTAA
HDFC Bank Limited (11/09/2026) ,INE040A16HN4,CARE A1+,3000.0,14332.74,0.0235,Axis Mutual Fund,AXISTAA
Bank of Baroda (23/02/2026) ,INE028A16JO3,IND A1+,2500.0,12385.925,0.0203,Axis Mutual Fund,AXISTAA
IDBI Bank Limited (05/02/2026) ,INE008A16X73,CRISIL A1+,2000.0,9937.66,0.0163,Axis Mutual Fund,AXISTAA
HDFC Bank Limited (25/02/2026) ,INE040A16GJ4,CRISIL A1+,2000.0,9904.95,0.0162,Axis Mutual Fund,AXISTAA
Union Bank of India (15/05/2026) ,INE692A16KC9,IND A1+,2000.0,9765.23,0.016,Axis Mutual Fund,AXISTAA
Small Industries Dev Bank of India (04/12/2026) ,INE556F16BS0,CARE A1+,2000.0,9410.06,0.0154,Axis Mutual Fund,AXISTAA
Small Industries Dev Bank of India (16/12/2026) ,INE556F16BT8,CARE A1+,2000.0,9390.4,0.0154,Axis Mutual Fund,AXISTAA
Bank of Baroda (06/02/2026) ,INE028A16JM7,IND A1+,1500.0,7452.5175,0.0122,Axis Mutual Fund,AXISTAA
Indian Bank (04/02/2026),INE562A16OA0,CRISIL A1+,1000.0,4970.07,0.0081,Axis Mutual Fund,AXISTAA
Bank of Baroda (05/06/2026) ,INE028A16KR4,CARE A1+,1000.0,4865.865,0.008,Axis Mutual Fund,AXISTAA
HDFC Bank Limited (13/11/2026) ,INE040A16HW5,CARE A1+,1000.0,4724.085,0.0077,Axis Mutual Fund,AXISTAA
Canara Bank (12/03/2026) ,INE476A16B23,CRISIL A1+,700.0,3458.49,0.0057,Axis Mutual Fund,AXISTAA
IDBI Bank Limited (03/02/2026) ,INE008A16X65,CRISIL A1+,500.0,2485.275,0.0041,Axis Mutual Fund,AXISTAA
HDFC Bank Limited (06/02/2026) ,INE040A16GF2,CARE A1+,500.0,2484.105,0.0041,Axis Mutual Fund,AXISTAA
Canara Bank (20/02/2026) ,INE476A16A57,CRISIL A1+,500.0,2478.46,0.0041,Axis Mutual Fund,AXISTAA
HDFC Bank Limited (24/03/2026) ,INE040A16GS5,CRISIL A1+,500.0,2465.2425,0.004,Axis Mutual Fund,AXISTAA
Sub Total,,,,144849.855,0.2375,Axis Mutual Fund,AXISTAA
Treasury Bill,,,,,,Axis Mutual Fund,AXISTAA
182 Days Tbill (MD 30/04/2026),IN002025Y313,Sovereign,25000000.0,24563.375,0.0403,Axis Mutual Fund,AXISTAA
182 Days Tbill (MD 08/01/2026),IN002025Y156,Sovereign,3500000.0,3495.947,0.0057,Axis Mutual Fund,AXISTAA
Sub Total,,,,28059.322,0.046,Axis Mutual Fund,AXISTAA
Total,,,,172909.177,0.2835,Axis Mutual Fund,AXISTAA
Others,,,,,,Axis Mutual Fund,AXISTAA
Alternative Investment Fund Units,,,,,,Axis Mutual Fund,AXISTAA
SBI - Corporate Debt Market Development Fund (CDMDF) - Class A2,INF0RQ622028,,14475.827,1672.1236,0.0027,Axis Mutual Fund,AXISTAA
Sub Total,,,,1672.1236,0.0027,Axis Mutual Fund,AXISTAA
Total,,,,1672.1236,0.0027,Axis Mutual Fund,AXISTAA
Reverse Repo / TREPS,,,,,,Axis Mutual Fund,AXISTAA
Clearing Corporation of India Ltd,,,,566.94,0.0009,Axis Mutual Fund,AXISTAA
Sub Total,,,,566.94,0.0009,Axis Mutual Fund,AXISTAA
Total,,,,566.94,0.0009,Axis Mutual Fund,AXISTAA
Net Receivables / (Payables),,,,-25248.9713,-0.0414,Axis Mutual Fund,AXISTAA
GRAND TOTAL,,,,610005.71,1,Axis Mutual Fund,AXISTAA
,,,,,,Axis Mutual Fund,AXISTAA
#Unlisted Security,,,,,,Axis Mutual Fund,AXISTAA
"FRN - Floating Rate Note , ZCB - Zero Coupon Bond",,,,,,Axis Mutual Fund,AXISTAA
$  Less Than 0.01% of Net Asset Value ,,,,,,Axis Mutual Fund,AXISTAA
"As per SEBI Circular no. SEBI/HO/IMD/PoD1/CIR/P/2024/106 dated August 05, 2024, valuation of AT-1 Bonds are done on Yield to Call basis w.e.f. August 07, 2024. YTC of AT-1 Bonds are now same as it’s YTM and hence it is not disclosed separately under YTC.",,,,,,Axis Mutual Fund,AXISTAA
,,,,,,Axis Mutual Fund,AXISTAA
,,,,,,Axis Mutual Fund,AXISTAA
,,,,,,Axis Mutual Fund,AXISTAA
,,,,,,Axis Mutual Fund,AXISTAA
,Benchmark Name - NIFTY LOW DURATION DEBT INDEX A-I,,,,,Axis Mutual Fund,AXISTAA
Scheme Risk-O-Meter,Benchmark Risk-O-Meter,,,,,Axis Mutual Fund,AXISTAA
Derivatives,,,,,,Axis Mutual Fund,AXISUSF
Interest Rate Swaps,,,,,,Axis Mutual Fund,AXISUSF
Interest Rate Swaps Pay Fix Receive Floating -HSBC BANK (30/09/2027) (FV 10000 Lacs),,,,10.98,$0.00%,Axis Mutual Fund,AXISUSF
Interest Rate Swaps Pay Fix Receive Floating -NOMURA (15/06/2026) (FV 20000 Lacs),,,,2.56,$0.00%,Axis Mutual Fund,AXISUSF
Interest Rate Swaps Pay Fix Receive Floating -DBS (17/12/2026) (FV 15000 Lacs),,,,1.875,$0.00%,Axis Mutual Fund,AXISUSF
Interest Rate Swaps Pay Fix Receive Floating -BARC (12/09/2026) (FV 15000 Lacs),,,,0.99,$0.00%,Axis Mutual Fund,AXISUSF
Interest Rate Swaps Pay Fix Receive Floating -IDFC BANK (12/06/2026) (FV 12500 Lacs),,,,0.6,$0.00%,Axis Mutual Fund,AXISUSF
Interest Rate Swaps Pay Fix Receive Floating -ICISECPD (12/03/2026) (FV 25000 Lacs),,,,-1.125,$0.00%,Axis Mutual Fund,AXISUSF
Interest Rate Swaps Pay Fix Receive Floating -NOMURA (23/01/2026) (FV 7500 Lacs),,,,-3.435,$0.00%,Axis Mutual Fund,AXISUSF
Interest Rate Swaps Pay Fix Receive Floating -HSBC BANK (30/01/2026) (FV 7500 Lacs),,,,-4.305,$0.00%,Axis Mutual Fund,AXISUSF
Sub Total,,,,8.14,$0.00%,Axis Mutual Fund,AXISUSF
Total,,,,8.14,$0.00%,Axis Mutual Fund,AXISUSF
Debt Instruments,,,,,,Axis Mutual Fund,AXISUSF
(a) Listed / awaiting listing on Stock Exchange,,,,,,Axis Mutual Fund,AXISUSF
7.78% Bajaj Housing Finance Limited (26/05/2026) ,INE377Y07425,CRISIL AAA,1500.0,15046.365,0.0272,Axis Mutual Fund,AXISUSF
8.15% Godrej Properties Limited (03/07/2026) ,INE484J08048,ICRA AA+,14000.0,14037.786,0.0254,Axis Mutual Fund,AXISUSF
8.43% Tata Projects Limited (06/02/2026),INE725H08154,IND AA,12900.0,12917.9955,0.0234,Axis Mutual Fund,AXISUSF
7.86% Karnataka State Development Loans (15/03/2027),IN1920160117,Sovereign,11500000.0,11747.5145,0.0213,Axis Mutual Fund,AXISUSF
7.9237% Bajaj Housing Finance Limited (16/03/2026),INE377Y07375,CRISIL AAA,1100.0,11027.39,0.02,Axis Mutual Fund,AXISUSF
7.59% Small Industries Dev Bank of India (10/02/2026) ,INE556F08KG3,CRISIL AAA,10500.0,10513.251,0.019,Axis Mutual Fund,AXISUSF
7.29% Bihar State Development Loans (28/12/2026),IN1320160139,Sovereign,9940400.0,10072.2793,0.0182,Axis Mutual Fund,AXISUSF
8.05% Muthoot Finance Limited (25/11/2027) ,INE414G07JQ6,CRISIL AA+,10000.0,10060.25,0.0182,Axis Mutual Fund,AXISUSF
9% Piramal Finance Limited (28/06/2027) ,INE202B07JT0,CARE AA,10000.0,10049.97,0.0182,Axis Mutual Fund,AXISUSF
8.25% Narayana Hrudayalaya Limited (19/03/2029) ,INE410P08016,ICRA AA,10000.0,10040.51,0.0182,Axis Mutual Fund,AXISUSF
7.1% Torrent Power Limited (11/03/2026) ,INE813H07184,CRISIL AA+,1000.0,9998.69,0.0181,Axis Mutual Fund,AXISUSF
7.74% Tamilnadu State Development Loans (01/03/2027),IN3120161309,Sovereign,9000000.0,9175.734,0.0166,Axis Mutual Fund,AXISUSF
7.62% Tamilnadu State Development Loans (29/03/2027),IN3120161424,Sovereign,8500000.0,8664.492,0.0157,Axis Mutual Fund,AXISUSF
7.69% LIC Housing Finance Limited (11/12/2026) ,INE115A07RA9,CRISIL AAA,7500.0,7546.9425,0.0137,Axis Mutual Fund,AXISUSF
7.50% National Bank For Agriculture and Rural Development (31/08/2026),INE261F08EA6,CRISIL AAA,7500.0,7525.545,0.0136,Axis Mutual Fund,AXISUSF
7.44% Small Industries Dev Bank of India (04/09/2026),INE556F08KI9,CRISIL AAA,7500.0,7522.365,0.0136,Axis Mutual Fund,AXISUSF
7.14% Gujarat State Development Loans (11/01/2027),IN1520160178,Sovereign,7000000.0,7080.143,0.0128,Axis Mutual Fund,AXISUSF
8.30% Godrej Industries Limited (12/06/2026) ,INE233A08071,CRISIL AA+,6000.0,6023.922,0.0109,Axis Mutual Fund,AXISUSF
8.02% Mindspace Business Parks REIT (13/04/2026) ,INE0CCU07074,CRISIL AAA,6000.0,6020.034,0.0109,Axis Mutual Fund,AXISUSF
7.54% Small Industries Dev Bank of India (12/01/2026),INE556F08KF5,ICRA AAA,600.0,6002.298,0.0109,Axis Mutual Fund,AXISUSF
9.95% IndoStar Capital Finance Limited (27/05/2026) ,INE896L07AI0,CARE AA-,5500.0,5531.7955,0.01,Axis Mutual Fund,AXISUSF
9.75% Nuvama Wealth Finance Limited (17/01/2028) ,INE918K07PU7,CARE AA,5500.0,5515.048,0.01,Axis Mutual Fund,AXISUSF
7.97% Mankind Pharma Limited (16/11/2027) ,INE634S07033,CRISIL AA+,5000.0,5055.465,0.0092,Axis Mutual Fund,AXISUSF
7.8% National Bank For Agriculture and Rural Development (15/03/2027) ,INE261F08EF5,ICRA AAA,5000.0,5052.37,0.0091,Axis Mutual Fund,AXISUSF
7.75% Mindspace Business Parks REIT (30/06/2026) ,INE0CCU07082,CRISIL AAA,5000.0,5022.185,0.0091,Axis Mutual Fund,AXISUSF
7.58% National Bank For Agriculture and Rural Development (31/07/2026),INE261F08DX0,CRISIL AAA,5000.0,5015.9,0.0091,Axis Mutual Fund,AXISUSF
7.43% Small Industries Dev Bank of India (31/08/2026) ,INE556F08KH1,CRISIL AAA,5000.0,5014.105,0.0091,Axis Mutual Fund,AXISUSF
9.25% SK Finance Limited (24/10/2027) ,INE124N07762,ICRA AA-,5000.0,5010.295,0.0091,Axis Mutual Fund,AXISUSF
7.55% Poonawalla Fincorp Limited (25/03/2027) ,INE511C07946,CRISIL AAA,5000.0,4999.775,0.0091,Axis Mutual Fund,AXISUSF
8.75% 360 One Prime Limited (10/09/2027) ,INE248U07GA9,ICRA AA,5000.0,4999.55,0.0091,Axis Mutual Fund,AXISUSF
8.75% Shriram Finance Limited (15/06/2026) ,INE721A07RH9,CRISIL AA+,4800.0,4830.3456,0.0087,Axis Mutual Fund,AXISUSF
7.57% National Bank For Agriculture and Rural Development (19/03/2026) ,INE261F08DW2,CRISIL AAA,4000.0,4006.656,0.0073,Axis Mutual Fund,AXISUSF
7.99% Mankind Pharma Limited (16/04/2026) ,INE634S07017,CRISIL AA+,3500.0,3507.231,0.0063,Axis Mutual Fund,AXISUSF
7.7201% LIC Housing Finance Limited (12/02/2026) ,INE115A07QB9,CRISIL AAA,350.0,3503.269,0.0063,Axis Mutual Fund,AXISUSF
8.38% Rajasthan State Development Loans (27/01/2026),IN2920150231,Sovereign,3000000.0,3006.297,0.0054,Axis Mutual Fund,AXISUSF
9.10% Shriram Finance Limited (18/03/2027) ,INE721A07RZ1,CRISIL AA+,2500.0,2549.3675,0.0046,Axis Mutual Fund,AXISUSF
8.75% Godrej Finance Limited (18/01/2027) ,INE02KN07022,CRISIL AA+,2500.0,2533.55,0.0046,Axis Mutual Fund,AXISUSF
8.52% Muthoot Finance Limited (07/04/2028) ,INE414G07JN3,CRISIL AA+,2500.0,2533.015,0.0046,Axis Mutual Fund,AXISUSF
7.49% National Bank For Agriculture and Rural Development (15/10/2026) ,INE261F08EB4,CRISIL AAA,2500.0,2510.62,0.0045,Axis Mutual Fund,AXISUSF
8.36% Godrej Industries Limited (28/08/2026) ,INE233A08121,CRISIL AA+,2500.0,2510.2175,0.0045,Axis Mutual Fund,AXISUSF
8.95% Phoenix Arc Pvt Limited (23/03/2028) ,INE163K07147,CRISIL AA,2500.0,2505.18,0.0045,Axis Mutual Fund,AXISUSF
8.95% Phoenix Arc Pvt Limited (22/12/2028) ,INE163K07162,CRISIL AA,2500.0,2504.16,0.0045,Axis Mutual Fund,AXISUSF
7.27% Tata Capital Housing Finance Limited (25/04/2028) ,INE033L07IN3,CRISIL AAA,2500.0,2503.2825,0.0045,Axis Mutual Fund,AXISUSF
6.8% Embassy Office Parks REIT (07/09/2026) ,INE041007068,CRISIL AAA,250.0,2497.7925,0.0045,Axis Mutual Fund,AXISUSF
8.32% Torrent Power Limited (28/02/2027) ,INE813H07382,CRISIL AA+,1900.0,1922.1293,0.0035,Axis Mutual Fund,AXISUSF
8.20% Tata Projects Limited (27/04/2026) ,INE725H08121,IND AA,1500.0,1502.6745,0.0027,Axis Mutual Fund,AXISUSF
7.62% Tamilnadu State Development Loans (09/08/2026),IN3120160087,Sovereign,1000000.0,1010.828,0.0018,Axis Mutual Fund,AXISUSF
8.4% Nirma Limited (07/04/2026) ,INE091A07216,CRISIL AA,1000.0,1001.356,0.0018,Axis Mutual Fund,AXISUSF
7.64% Uttar Pradesh State Development Loans (29/03/2027),IN3320160358,Sovereign,500000.0,509.674,0.0009,Axis Mutual Fund,AXISUSF
7.63% Andhra Pradesh State Development Loans (09/08/2026),IN1020160066,Sovereign,500000.0,505.3795,0.0009,Axis Mutual Fund,AXISUSF
9.4% IndoStar Capital Finance Limited (18/06/2027) ,INE896L07AL4,CARE AA-,500.0,502.4665,0.0009,Axis Mutual Fund,AXISUSF
7.27% Sundaram Home Finance Limited (24/05/2027) ,INE667F07JA5,ICRA AAA,500.0,500.9805,0.0009,Axis Mutual Fund,AXISUSF
Sub Total,,,,291246.4372,0.5273,Axis Mutual Fund,AXISUSF
(b) Privately placed / Unlisted,,,,NIL,NIL,Axis Mutual Fund,AXISUSF
Sub Total,,,,NIL,NIL,Axis Mutual Fund,AXISUSF
(a) Listed / awaiting listing on Stock Exchange,,,,NIL,NIL,Axis Mutual Fund,AXISUSF
Sub Total,,,,NIL,NIL,Axis Mutual Fund,AXISUSF
(b) Privately placed / Unlisted,,,,,,Axis Mutual Fund,AXISUSF
7.7954% Reliance Life Sciences Private Limited (08/05/2026)  #,INE11LM07023,CARE AAA,250.0,2507.5075,0.0045,Axis Mutual Fund,AXISUSF
Sub Total,,,,2507.5075,0.0045,Axis Mutual Fund,AXISUSF
(c) Securitised Debt,,,,,,Axis Mutual Fund,AXISUSF
Liquid Gold Series (20/01/2028) ,INE2JYU15015,CRISIL AAA(SO),90.0,6772.7291,0.0123,Axis Mutual Fund,AXISUSF
Liquid Gold Series (20/10/2027) ,INE29DX15014,CRISIL AAA(SO),1157.0,6764.2893,0.0122,Axis Mutual Fund,AXISUSF
Sansar Trust (25/04/2031) ,INE1WMT15017,CRISIL AAA(SO),500000000.0,5005,0.0091,Axis Mutual Fund,AXISUSF
India Universal Trust (21/11/2026) ,INE1CBK15011,CRISIL AAA(SO),85.0,3027.2974,0.0055,Axis Mutual Fund,AXISUSF
India Universal Trust (20/09/2026) ,INE16J715019,IND AAA(SO),100.0,2527.5643,0.0046,Axis Mutual Fund,AXISUSF
Sansar Trust (25/06/2030) ,INE0YWN15017,CRISIL AAA(SO),500000000.0,1888,0.0034,Axis Mutual Fund,AXISUSF
Sub Total,,,,25984.8801,0.047,Axis Mutual Fund,AXISUSF
Total,,,,319738.8248,0.5789,Axis Mutual Fund,AXISUSF
Money Market Instruments,,,,,,Axis Mutual Fund,AXISUSF
Certificate of Deposit,,,,,,Axis Mutual Fund,AXISUSF
National Bank For Agriculture and Rural Development (24/03/2026) ,INE261F16991,CRISIL A1+,5000.0,24649.675,0.0446,Axis Mutual Fund,AXISUSF
Union Bank of India (20/05/2026) ,INE692A16KF2,IND A1+,5000.0,24391.875,0.0442,Axis Mutual Fund,AXISUSF
HDFC Bank Limited (04/06/2026) ,INE040A16HT1,CARE A1+,4000.0,19466.8,0.0352,Axis Mutual Fund,AXISUSF
HDFC Bank Limited (24/03/2026) ,INE040A16GS5,CRISIL A1+,3300.0,16270.6005,0.0295,Axis Mutual Fund,AXISUSF
Small Industries Dev Bank of India (27/02/2026),INE556F16BB6,CARE A1+,3000.0,14848.995,0.0269,Axis Mutual Fund,AXISUSF
Bank of India (10/03/2026),INE084A16EK5,CRISIL A1+,3000.0,14824.29,0.0268,Axis Mutual Fund,AXISUSF
Kotak Mahindra Bank Limited (18/05/2026) ,INE237AD6059,CRISIL A1+,3000.0,14643.99,0.0265,Axis Mutual Fund,AXISUSF
Canara Bank (29/05/2026) ,INE476A16F03,CRISIL A1+,3000.0,14615.475,0.0265,Axis Mutual Fund,AXISUSF
Kotak Mahindra Bank Limited (31/08/2026) ,INE237AD6075,CRISIL A1+,3000.0,14368.65,0.026,Axis Mutual Fund,AXISUSF
HDFC Bank Limited (13/11/2026) ,INE040A16HW5,CARE A1+,3000.0,14172.255,0.0257,Axis Mutual Fund,AXISUSF
Kotak Mahindra Bank Limited (18/02/2026) ,INE237A165Z5,CRISIL A1+,2000.0,9917.32,0.018,Axis Mutual Fund,AXISUSF
IndusInd Bank Limited (12/03/2026) ,INE095A167B3,CRISIL A1+,2000.0,9876.19,0.0179,Axis Mutual Fund,AXISUSF
Small Industries Dev Bank of India (25/03/2026) ,INE556F16BF7,CRISIL A1+,2000.0,9858.66,0.0178,Axis Mutual Fund,AXISUSF
Indian Bank (30/04/2026) ,INE562A16PQ3,CRISIL A1+,2000.0,9792.51,0.0177,Axis Mutual Fund,AXISUSF
Canara Bank (12/03/2026) ,INE476A16B23,CRISIL A1+,1000.0,4940.7,0.0089,Axis Mutual Fund,AXISUSF
Canara Bank (18/03/2026) ,INE476A16B64,CRISIL A1+,1000.0,4935.76,0.0089,Axis Mutual Fund,AXISUSF
Bank of Baroda (13/03/2026) ,INE028A16IC0,IND A1+,500.0,2469.89,0.0045,Axis Mutual Fund,AXISUSF
Union Bank of India (27/02/2026) ,INE692A16IX9,IND A1+,400.0,1980.35,0.0036,Axis Mutual Fund,AXISUSF
Sub Total,,,,226023.9855,0.4092,Axis Mutual Fund,AXISUSF
Commercial Paper,,,,,,Axis Mutual Fund,AXISUSF
ICICI Securities Limited (02/03/2026) ,INE763G14C61,CRISIL A1+,2500.0,12363.725,0.0224,Axis Mutual Fund,AXISUSF
Godrej Housing Finance Limited (13/02/2026) ,INE02JD14591,CRISIL A1+,2000.0,9921.93,0.018,Axis Mutual Fund,AXISUSF
Infina Finance Private Limited (22/05/2026) ,INE879F14KU8,CRISIL A1+,2000.0,9724.95,0.0176,Axis Mutual Fund,AXISUSF
HSBC InvestDirect Financial Services (India) Limited (08/05/2026) ,INE790I14GR5,CRISIL A1+,1000.0,4877.28,0.0088,Axis Mutual Fund,AXISUSF
Sub Total,,,,36887.885,0.0668,Axis Mutual Fund,AXISUSF
Treasury Bill,,,,,,Axis Mutual Fund,AXISUSF
182 Days Tbill (MD 30/04/2026),IN002025Y313,Sovereign,25000000.0,24563.375,0.0445,Axis Mutual Fund,AXISUSF
182 Days Tbill (MD 26/03/2026),IN002025Y263,Sovereign,18000000.0,17781.858,0.0322,Axis Mutual Fund,AXISUSF
Sub Total,,,,42345.233,0.0767,Axis Mutual Fund,AXISUSF
Total,,,,305257.1035,0.5527,Axis Mutual Fund,AXISUSF
Others,,,,,,Axis Mutual Fund,AXISUSF
Alternative Investment Fund Units,,,,,,Axis Mutual Fund,AXISUSF
SBI - Corporate Debt Market Development Fund (CDMDF) - Class A2,INF0RQ622028,,15086.78,1742.6957,0.0032,Axis Mutual Fund,AXISUSF
Sub Total,,,,1742.6957,0.0032,Axis Mutual Fund,AXISUSF
Total,,,,1742.6957,0.0032,Axis Mutual Fund,AXISUSF
Reverse Repo / TREPS,,,,,,Axis Mutual Fund,AXISUSF
Clearing Corporation of India Ltd,,,,8308.92,0.015,Axis Mutual Fund,AXISUSF
Sub Total,,,,8308.92,0.015,Axis Mutual Fund,AXISUSF
Total,,,,8308.92,0.015,Axis Mutual Fund,AXISUSF
Net Receivables / (Payables),,,,-82717.944,-0.1498,Axis Mutual Fund,AXISUSF
GRAND TOTAL,,,,552337.74,1,Axis Mutual Fund,AXISUSF
,,,,,,Axis Mutual Fund,AXISUSF
#Unlisted Security,,,,,,Axis Mutual Fund,AXISUSF
$  Less Than 0.01% of Net Asset Value ,,,,,,Axis Mutual Fund,AXISUSF
"As per SEBI Circular no. SEBI/HO/IMD/PoD1/CIR/P/2024/106 dated August 05, 2024, valuation of AT-1 Bonds are done on Yield to Call basis w.e.f. August 07, 2024. YTC of AT-1 Bonds are now same as it’s YTM and hence it is not disclosed separately under YTC.",,,,,,Axis Mutual Fund,AXISUSF
,,,,,,Axis Mutual Fund,AXISUSF
,,,,,,Axis Mutual Fund,AXISUSF
,,,,,,Axis Mutual Fund,AXISUSF
,,,,,,Axis Mutual Fund,AXISUSF
,Benchmark Name - NIFTY ULTRA SHORT DURATION DEBT INDEX A-I,,,,,Axis Mutual Fund,AXISUSF
Scheme Risk-O-Meter,Benchmark Risk-O-Meter,,,,,Axis Mutual Fund,AXISUSF
